coordinate,sigma_k_over_m,L,origin_charge_lower_envelope,origin_envelope_positive
G1,0.02,0.25,0.9995004986309587,True
G1,0.02,0.5,0.9985025422355185,True
G1,0.02,1.0,0.996508723382036,True
G1,0.02,2.0,0.9925294614246625,True
G1,0.02,3.0,0.988561367133411,True
G1,0.02,4.0,0.9846044405082817,True
G1,0.02,6.0,0.9767240902563892,True
G1,0.02,8.0,0.9688884106689852,True
G1,0.02,12.0,0.953351063487642,True
G1,0.02,16.0,0.9379923989642522,True
G1,0.02,24.0,0.9078111178913328,True
G1,0.05,0.25,0.9968942043973217,True
G1,0.05,0.5,0.990722757728927,True
G1,0.05,1.0,0.9784604494453,True
G1,0.05,2.0,0.9542581730906939,True
G1,0.05,3.0,0.9304856836862861,True
G1,0.05,4.0,0.9071429812320765,True
G1,0.05,6.0,0.8617469371742446,True
G1,0.05,8.0,0.8180700408682915,True
G1,0.05,12.0,0.7358733937251328,True
G1,0.05,16.0,0.6605320432507782,True
G1,0.05,24.0,0.5289577863982817,True
G1,0.08,0.25,0.9921227293498427,True
G1,0.08,0.5,0.9766230000196066,True
G1,0.08,1.0,0.9461378549696544,True
G1,0.08,2.0,0.887224819311831,True
G1,0.08,3.0,0.831054789573439,True
G1,0.08,4.0,0.7776277598601717,True
G1,0.08,6.0,0.6789947602201649,True
G1,0.08,8.0,0.5910806915709453,True
G1,0.08,12.0,0.44004417530896317,True
G1,0.08,16.0,0.2974351581551028,True
G1,0.08,24.0,-0.06368321959501605,False
G1,0.1,0.25,0.9877930786227516,True
G1,0.1,0.5,0.9639841275019593,True
G1,0.1,1.0,0.9175930265311316,True
G1,0.1,2.0,0.8297180296695417,True
G1,0.1,3.0,0.7483858971460747,True
G1,0.1,4.0,0.6735874515858933,True
G1,0.1,6.0,0.542635007093765,True
G1,0.1,8.0,0.429612935521489,True
G1,0.1,12.0,0.20175091499929698,True
G1,0.1,16.0,-0.09666241129051152,False
G1,0.1,24.0,-1.0123661677589153,False
G1,0.15,0.25,0.9732585658061603,True
G1,0.15,0.5,0.9225788302062381,True
G1,0.15,1.0,0.826991418016993,True
G1,0.15,2.0,0.658889887918636,True
G1,0.15,3.0,0.5200423639178806,True
G1,0.15,4.0,0.4001604782352467,True
G1,0.15,6.0,0.14789161854217273,True
G1,0.15,8.0,-0.19505048784743753,False
G1,0.15,12.0,-1.2491802084151393,False
G1,0.15,16.0,-2.7963107165878975,False
G1,0.15,24.0,-7.302654942238881,False
G1,0.2,0.25,0.954019960525178,True
G1,0.2,0.5,0.8700278082287699,True
G1,0.2,1.0,0.7187525856659578,True
G1,0.2,2.0,0.47956581915593477,True
G1,0.2,3.0,0.27959569828044595,True
G1,0.2,4.0,0.04347096941170259,True
G1,0.2,6.0,-0.6628505963629225,False
G1,0.2,8.0,-1.7119593924910061,False
G1,0.2,12.0,-4.797671666346915,False
G1,0.2,16.0,-9.149375144011689,False
G1,0.2,24.0,-21.571417126293127,False
G1,0.3,0.25,0.9043889365517216,True
G1,0.3,0.5,0.7450941356081431,True
G1,0.3,1.0,0.493895909189672,True
G1,0.3,2.0,0.06419475080775058,True
G1,0.3,3.0,-0.6058717009072374,False
G1,0.3,4.0,-1.592128159676343,False
G1,0.3,6.0,-4.467104968538491,False
G1,0.3,8.0,-8.492048545428624,False
G1,0.3,12.0,-19.91113818378011,False
G1,0.3,16.0,-35.79021574361625,False
G1,0.3,24.0,-80.89666810314198,False
G1,0.4,0.25,0.8442143386951073,True
G1,0.4,0.5,0.6123428591398853,True
G1,0.4,1.0,0.2745489916940222,True
G1,0.4,2.0,-0.6763051396753356,False
G1,0.4,3.0,-2.3273175003053685,False
G1,0.4,4.0,-4.641445497425728,False
G1,0.4,6.0,-11.16595392989705,False
G1,0.4,8.0,-20.17523278148791,False
G1,0.4,12.0,-45.60184321377295,False
G1,0.4,16.0,-80.8910269156188,False
G1,0.4,24.0,-181.04437876430896,False
G1,0.5,0.25,0.7777713086919378,True
G1,0.5,0.5,0.4862292688641646,True
G1,0.5,1.0,0.0023398672791322215,True
G1,0.5,2.0,-1.7798910848796097,False
G1,0.5,3.0,-4.73038444556228,False
G1,0.5,4.0,-8.768595905986015,False
G1,0.5,6.0,-20.033541776144485,False
G1,0.5,8.0,-35.52286436954764,False
G1,0.5,12.0,-79.15026813578844,False
G1,0.5,16.0,-139.63595908653508,False
G1,0.5,24.0,-311.177300250739,False
GC,0.02,0.25,0.9991681946539692,True
GC,0.02,0.5,0.9981707025345228,True
GC,0.02,1.0,0.9961778109809143,True
GC,0.02,2.0,0.992200398614834,True
GC,0.02,3.0,0.9882341472369367,True
GC,0.02,4.0,0.9842790568472224,True
GC,0.02,6.0,0.976402359032342,True
GC,0.02,8.0,0.968570305170193,True
GC,0.02,12.0,0.9530401293040898,True
GC,0.02,16.0,0.9376885292489121,True
GC,0.02,24.0,0.9075210565713343,True
GC,0.05,0.25,0.9948502890305582,True
GC,0.05,0.5,0.9886965035023895,True
GC,0.05,1.0,0.9764692215199755,True
GC,0.05,2.0,0.9523358138508419,True
GC,0.05,3.0,0.9286306145759669,True
GC,0.05,4.0,0.9053536236953502,True
GC,0.05,6.0,0.8600842671168862,True
GC,0.05,8.0,0.816527744066543,True
GC,0.05,12.0,0.7345529007633297,True
GC,0.05,16.0,0.659408097233888,True
GC,0.05,24.0,0.5281511635861214,True
GC,0.08,0.25,0.9870387453946079,True
GC,0.08,0.5,0.9716493999191839,True
GC,0.08,1.0,0.9413803329084915,True
GC,0.08,2.0,0.8828806946477307,True
GC,0.08,3.0,0.8270990507311256,True
GC,0.08,4.0,0.7740353952643688,True
GC,0.08,6.0,0.6760541093915551,True
GC,0.08,8.0,0.5886917082084244,True
GC,0.08,12.0,0.43845838797530745,True
GC,0.08,16.0,0.2962523816458956,True
GC,0.08,24.0,-0.06526053006857657,False
GC,0.1,0.25,0.9800498831253815,True
GC,0.1,0.5,0.9564993728397451,True
GC,0.1,1.0,0.910608135535881,True
GC,0.1,2.0,0.8236647939948252,True
GC,0.1,3.0,0.7431735541073689,True
GC,0.1,4.0,0.6691252384986739,True
GC,0.1,6.0,0.5394007658559474,True
GC,0.1,8.0,0.427243615394978,True
GC,0.1,12.0,0.200022284881113,True
GC,0.1,16.0,-0.0992025543527495,False
GC,0.1,24.0,-1.0208859455664046,False
GC,0.15,0.25,0.9572168014833429,True
GC,0.15,0.5,0.9076815844661589,True
GC,0.15,1.0,0.8142174160048645,True
GC,0.15,2.0,0.6496991996123085,True
GC,0.15,3.0,0.5135507576505531,True
GC,0.15,4.0,0.39548372234011814,True
GC,0.15,6.0,0.14419186839103904,True
GC,0.15,8.0,-0.20131015892178034,False
GC,0.15,12.0,-1.2711705013375125,False
GC,0.15,16.0,-2.8481793380271183,False
GC,0.15,24.0,-7.456723340718243,False
GC,0.2,0.25,0.9282917344511641,True
GC,0.2,0.5,0.8473681059129514,True
GC,0.2,1.0,0.7014562958139496,True
GC,0.2,2.0,0.4699018140212292,True
GC,0.2,3.0,0.2734379242492847,True
GC,0.2,4.0,0.03669337287032759,True
GC,0.2,6.0,-0.6832459987659996,False
GC,0.2,8.0,-1.7624768152108183,False
GC,0.2,12.0,-4.957945773065295,False
GC,0.2,16.0,-9.485422792548768,False
GC,0.2,24.0,-22.457062431927987,False
GC,0.3,0.25,0.8589953413480613,True
GC,0.3,0.5,0.7102998301933272,True
GC,0.3,1.0,0.4744245535639242,True
GC,0.3,2.0,0.05186677560656554,True
GC,0.3,3.0,-0.64239298783236,False
GC,0.3,4.0,-1.684179450079762,False
GC,0.3,6.0,-4.764226337127978,False
GC,0.3,8.0,-9.119586745303675,False
GC,0.3,12.0,-21.575550271570652,False
GC,0.3,16.0,-38.992888651642616,False
GC,0.3,24.0,-88.68002336955485,False
GC,0.4,0.25,0.7825340734714178,True
GC,0.4,0.5,0.5726566427828668,True
GC,0.4,1.0,0.2568050276250494,True
GC,0.4,2.0,-0.7383477591155119,False
GC,0.4,3.0,-2.551233765445592,False
GC,0.4,4.0,-5.144804613129498,False
GC,0.4,6.0,-12.580884089969498,False
GC,0.4,8.0,-22.971956581614382,False
GC,0.4,12.0,-52.57276321591659,False
GC,0.4,16.0,-93.91691360754837,False
GC,0.4,24.0,-211.8224387868708,False
GC,0.5,0.25,0.7049461139749348,True
GC,0.5,0.5,0.44765219545822543,True
GC,0.5,1.0,-0.02523253669926051,False
GC,0.5,2.0,-2.015336278776899,False
GC,0.5,3.0,-5.479844602654341,False
GC,0.5,4.0,-10.337797576564649,False
GC,0.5,6.0,-24.1584733502725,False
GC,0.5,8.0,-43.42445294980902,False
GC,0.5,12.0,-98.26657181014681,False
GC,0.5,16.0,-174.84803866270695,False
GC,0.5,24.0,-393.2228901464386,False
