sigma_k_over_m,L,K_low,K_high,magnetic_only_lower_bound
0.02,0.25,1,3,0.99940068843919
0.02,0.5,1,3,0.99880167622054
0.02,1,1,3,0.99760454980972
0.02,2,1,3,0.995213889094
0.02,3,1,3,0.99282801785284
0.02,4,1,3,0.99044693608623
0.02,6,1,3,0.9856991409767
0.02,8,1,3,0.9809705037654
0.02,12,1,3,0.97157070303752
0.02,16,1,3,0.96224753390257
0.02,24,1,3,0.94383109041151
0.05,0.25,1,3,0.99627657854954
0.05,0.5,1,3,0.99256471794159
0.05,1,1,3,0.98517567925324
0.05,2,1,3,0.97053633198673
0.05,3,1,3,0.95608195820048
0.05,4,1,3,0.94181255789448
0.05,6,1,3,0.91382867772325
0.05,8,1,3,0.88658469147295
0.05,12,1,3,0.83431639943742
0.05,16,1,3,0.78500752766967
0.05,24,1,3,0.69524654408586
0.08,0.25,1,3,0.990570545813
0.08,0.5,1,3,0.98121532155961
0.08,1,1,3,0.96272756285372
0.08,2,1,3,0.92664280464539
0.08,3,1,3,0.89174572537502
0.08,4,1,3,0.85803632502336
0.08,6,1,3,0.79418050770462
0.08,8,1,3,0.73507257673213
0.08,12,1,3,0.63093320991718
0.08,16,1,3,0.54450939893298
0.08,24,1,3,0.41523692281423
0.1,0.25,1,3,0.98540862554365
0.1,0.5,1,3,0.9709952066321
0.1,1,1,3,0.94270223544342
0.1,2,1,3,0.88825175960368
0.1,3,1,3,0.83664857215255
0.1,4,1,3,0.78789260656883
0.1,6,1,3,0.69890847705877
0.1,8,1,3,0.62111681255773
0.1,12,1,3,0.49615392279588
0.1,16,1,3,0.40412962927929
0.1,24,1,3,0.28386563034218
0.15,0.25,1,3,0.9681969256496
0.15,0.5,1,3,0.9372432891278
0.15,1,1,3,0.87788432956999
0.15,2,1,3,0.76935953424277
0.15,3,1,3,0.67439970037486
0.15,4,1,3,0.59269575383814
0.15,6,1,3,0.46462736839219
0.15,8,1,3,0.37307647132262
0.15,12,1,3,0.25705926096634
0.15,16,1,3,0.18969897731237
0.15,24,1,3,0.11814300417522
0.2,0.25,1,3,0.94570625056016
0.2,0.5,1,3,0.89390775359029
0.2,1,1,3,0.79779651417986
0.2,2,1,3,0.63544173247184
0.2,3,1,3,0.51097829182775
0.2,4,1,3,0.41783480203291
0.2,6,1,3,0.29460451883674
0.2,8,1,3,0.22037055706455
0.2,12,1,3,0.13931508247427
0.2,16,1,3,0.097835844049475
0.2,24,1,3,0.05770760945927
0.3,0.25,1,3,0.88924574002762
0.3,0.5,1,3,0.78914886042687
0.3,1,1,3,0.62086821535096
0.3,2,1,3,0.39905702033151
0.3,3,1,3,0.27692316101668
0.3,4,1,3,0.20493183251128
0.3,6,1,3,0.1278668905348
0.3,8,1,3,0.089117629116988
0.3,12,1,3,0.052128269365175
0.3,16,1,3,0.035117313124923
0.3,24,1,3,0.019833199945995
0.4,0.25,1,3,0.8236082210188
0.4,0.5,1,3,0.67532611917712
0.4,1,1,3,0.46010735535081
0.4,2,1,3,0.2477012620516
0.4,3,1,3,0.15728639243997
0.4,4,1,3,0.11059103569736
0.4,6,1,3,0.0652538623275
0.4,8,1,3,0.044147861350365
0.4,12,1,3,0.0250383649664
0.4,16,1,3,0.016601875412112
0.4,24,1,3,0.0092258502691143
0.5,0.25,1,3,0.75420832318366
0.5,0.5,1,3,0.56570246260296
0.5,1,1,3,0.33697318027938
0.5,2,1,3,0.16053269061297
0.5,3,1,3,0.096865146276029
0.5,4,1,3,0.066267167592072
0.5,6,1,3,0.037998668118009
0.5,8,1,3,0.02533250313552
0.5,12,1,3,0.014153458351875
0.5,16,1,3,0.009313544771134
0.5,24,1,3,0.005136150961363